"SNP","effect_allele.exposure","other_allele.exposure","effect_allele.outcome","other_allele.outcome","beta.exposure","beta.outcome","eaf.exposure","eaf.outcome","remove","palindromic","ambiguous","id.outcome","pval.outcome","se.outcome","units.outcome","gene.outcome","samplesize.outcome","outcome","mr_keep.outcome","pval_origin.outcome","units.outcome_dat","data_source.outcome","pval.exposure","se.exposure","units.exposure","gene.exposure","samplesize.exposure","exposure","mr_keep.exposure","pval_origin.exposure","units.exposure_dat","id.exposure","data_source.exposure","action","SNP_index","mr_keep"
"rs11709077","G","A","G","A",0.157003749,-0.0439,0.1193,0.8808,FALSE,FALSE,FALSE,"nvY4I0",0.651,0.0969,NA,NA,211678,"outcome",TRUE,"reported",NA,"textfile",1.1e-09,0.026187284,NA,NA,69033,"exposure",TRUE,"reported",NA,"NPhXVM","textfile",2,1,TRUE
"rs2383208","A","G","A","G",0.165514438,0.0572,0.173,0.8215,FALSE,FALSE,FALSE,"nvY4I0",0.487,0.0823,NA,NA,211678,"outcome",TRUE,"reported",NA,"textfile",6e-14,0.023697384,NA,NA,69033,"exposure",TRUE,"reported",NA,"NPhXVM","textfile",2,1,TRUE
"rs3802177","G","A","G","A",0.148420005,0.0813,0.2833,0.689,FALSE,FALSE,FALSE,"nvY4I0",0.232,0.068,NA,NA,211678,"outcome",TRUE,"reported",NA,"textfile",2.1e-11,0.024104807,NA,NA,61519,"exposure",TRUE,"reported",NA,"NPhXVM","textfile",2,1,TRUE
"rs4506565","T","A","T","A",0.31481074,0.0347,0.3459,0.3122,FALSE,TRUE,FALSE,"nvY4I0",0.609,0.0679,NA,NA,211678,"outcome",TRUE,"reported",NA,"textfile",4.9e-68,0.018628861,NA,NA,69033,"exposure",TRUE,"reported",NA,"NPhXVM","textfile",2,1,TRUE
"rs5015480","C","T","C","T",0.139761942,0.0246,0.4264,0.5907,FALSE,FALSE,FALSE,"nvY4I0",0.701,0.064,NA,NA,211678,"outcome",TRUE,"reported",NA,"textfile",2.2e-16,0.017753391,NA,NA,69033,"exposure",TRUE,"reported",NA,"NPhXVM","textfile",2,1,TRUE
"rs7651090","G","A","G","A",0.122217633,-0.062,0.3042,0.3131,FALSE,FALSE,FALSE,"nvY4I0",0.362,0.0679,NA,NA,211678,"outcome",TRUE,"reported",NA,"textfile",2e-11,0.018067871,NA,NA,69033,"exposure",TRUE,"reported",NA,"NPhXVM","textfile",2,1,TRUE
"rs7933855","A","G","A","G",0.113328685,-0.0614,0.4145,0.3922,FALSE,FALSE,FALSE,"nvY4I0",0.341,0.0644,NA,NA,211678,"outcome",TRUE,"reported",NA,"textfile",1.3e-09,0.020419058,NA,NA,63390,"exposure",TRUE,"reported",NA,"NPhXVM","textfile",2,1,TRUE
"rs864745","T","C","T","C",0.113328685,-0.0693,0.5199,0.4944,FALSE,FALSE,FALSE,"nvY4I0",0.27,0.0629,NA,NA,211678,"outcome",TRUE,"reported",NA,"textfile",7.3e-11,0.016020638,NA,NA,69033,"exposure",TRUE,"reported",NA,"NPhXVM","textfile",2,1,TRUE
"rs9368222","A","C","A","C",0.19062036,0.123,0.2803,0.2619,FALSE,FALSE,FALSE,"nvY4I0",0.086,0.0715,NA,NA,211678,"outcome",TRUE,"reported",NA,"textfile",4.8e-23,0.019062129,NA,NA,69033,"exposure",TRUE,"reported",NA,"NPhXVM","textfile",2,1,TRUE
"rs9936385","C","T","C","T",0.122217633,0.0941,0.4135,0.3934,FALSE,FALSE,FALSE,"nvY4I0",0.144,0.0644,NA,NA,211678,"outcome",TRUE,"reported",NA,"textfile",4.7e-11,0.020238965,NA,NA,63390,"exposure",TRUE,"reported",NA,"NPhXVM","textfile",2,1,TRUE
